{"hunger": 33.0, "sleep": 38.80000000000005, "water": 22.200000000000006}